{
    "AUC": 0.9905028839825603,
    "Precision": 0.12993039443155452,
    "Recall": 0.9824561403508771,
    "F1_Score": 0.22950819672131148,
    "Accuracy": 0.9624,
    "Optimal_Threshold": 0.36802806321900056,
    "True_Positives": 56,
    "False_Positives": 375,
    "True_Negatives": 9568,
    "False_Negatives": 1,
    "Confusion_Matrix": [
        [
            9568,
            375
        ],
        [
            1,
            56
        ]
    ]
}